{"cameraMode":{"drawMode":0,"name":"Shaded","section":"Shading Mode"},"sceneLighting":true,"audioPlay":false,"sceneViewState":{"showFog":true,"showMaterialUpdate":false,"showSkybox":true,"showFlares":true,"showImageEffects":true,"showParticleSystems":true},"in2DMode":false,"pivot":{"x":19.89764404296875,"y":-16.44823455810547,"z":-6.391551971435547},"rotation":{"x":-0.19614723324775697,"y":-0.8026142716407776,"z":0.4227665662765503,"w":-0.37236741185188296},"size":80.75235748291016,"orthographic":false}